32,Basildon & Billericay,East,England,E14000544,Borough,22668,,10186,,1636,,8538
33,Basildon South & Thurrock East,East,England,E14000933,County,19788,,11493,,1356,,12097
41,Bedford,East,England,E14000552,Borough,19625,1412,18528,,1958,,4434
42,Bedfordshire Mid,East,England,E14000813,County,32544,2462,9217,,4193,,8966
43,Bedfordshire North East,East,England,E14000841,County,34891,2537,9247,,3418,,8579
44,Bedfordshire South West,East,England,E14000949,County,28212,2106,10399,,2646,,7941
88,Braintree,East,England,E14000590,County,27071,1564,9296,,2488,,9461
93,Brentwood & Ongar,East,England,E14000594,County,30534,1397,6492,,4577,,8724
103,Broadland,East,England,E14000603,County,26808,2252,9970,,5178,,8881
106,Broxbourne,East,England,E14000606,Borough,25797,1216,8470,,1467,,9074
113,Bury St Edmunds,East,England,E14000613,County,31815,4692,10514,,3581,,8739
119,Cambridge,East,England,E14000617,Borough,8117,4109,18646,,18047,,2668
120,Cambridgeshire North East,East,England,E14000842,County,28524,1816,7476,,2314,,11650
121,Cambridgeshire North West,East,England,E14000855,County,32070,2159,10927,,3479,,12275
122,Cambridgeshire South,East,England,E14000934,County,31454,3848,10860,,9368,,6010
123,Cambridgeshire South East,East,England,E14000937,County,28845,3047,9013,,12008,,6593
134,Castle Point,East,England,E14000622,Borough,23112,1076,6283,,801,,14178
139,Chelmsford,East,England,E14000628,Borough,27732,1892,9482,,6394,,7652
152,Clacton,East,England,E14000642,County,16205,1184,6364,,812,,19642
157,Colchester,East,England,E14000644,Borough,18919,2499,7852,,13344,,5870
239,Epping Forest,East,England,E14000693,County,27027,1782,7962,,3448,,9049
277,Great Yarmouth,East,England,E14000717,County,19089,978,12935,,1030,,10270
292,Harlow,East,England,E14000729,County,21623,954,13273,,904,,7208
297,Harwich & Essex North,East,England,E14000734,County,24722,2122,9548,,3576,,8464
302,Hemel Hempstead,East,England,E14000739,County,26245,1660,11825,,2402,,7249
308,Hertford & Stortford,East,England,E14000744,County,31593,2681,10084,,4385,,7534
309,Hertfordshire North East,East,England,E14000845,County,28949,2789,9869,,3952,,6728
310,Hertfordshire South West,East,England,E14000951,County,32608,2583,9345,,5872,,6603
311,Hertsmere,East,England,E14000745,County,29696,,11235,,2777,,6383
315,Hitchin & Harpenden,East,England,E14000749,County,31488,3053,11433,,4484,,4917
326,Huntingdon,East,England,E14000757,County,29652,2178,10249,,4375,,9473
332,Ipswich,East,England,E14000761,Borough,21794,1736,18061,,1400,,5703
380,Luton North,East,England,E14000800,Borough,12739,972,22243,,1299,,5318
381,Luton South,East,England,E14000801,Borough,12949,1237,,18660,3183,,5129
386,Maldon,East,England,E14000806,County,29112,1504,5690,,2157,,7042
421,Norfolk Mid,East,England,E14000816,County,27206,2191,9585,,3300,,9930
422,Norfolk North,East,England,E14000848,County,15256,1488,5043,,19299,,8328
423,Norfolk North West,East,England,E14000859,County,24727,1780,10779,,1673,,8412
424,Norfolk South,East,England,E14000941,County,30995,3090,10502,,4689,,7847
425,Norfolk South West,East,England,E14000952,County,25515,2075,8649,,2217,,11654
430,Norwich North,East,England,E14000863,Borough,19052,1939,14589,,1894,,5986
431,Norwich South,East,England,E14000864,Borough,11379,6749,19033,,6607,,4539
451,Peterborough,East,England,E14000878,Borough,18684,1218,16759,,1774,,7485
463,Rayleigh & Wickford,East,England,E14000888,County,29088,1529,6705,,1622,,11858
476,Rochford & Southend East,East,England,E14000899,County,20241,2195,10765,,1459,,8948
489,Saffron Walden,East,England,E14000910,County,32926,2174,6791,,6079,,7935
490,St Albans,East,England,E14000960,County,25392,2034,12660,,10076,,4271
525,Southend West,East,England,E14000957,Borough,22175,2083,8154,,4129,,7803
532,Stevenage,East,England,E14000968,County,21291,1369,,16336,1582,,6864
547,Suffolk Central & Ipswich North,East,England,E14000624,County,30317,2664,10173,,3314,,7459
548,Suffolk Coastal,East,England,E14000981,County,28855,3294,10013,,4777,,8655
549,Suffolk South,East,England,E14000946,County,27546,2253,10001,,4044,,7897
550,Suffolk West,East,England,E14001034,County,25684,1779,8604,,2465,,10700
571,Thurrock,East,England,E14000995,Borough,16692,,16156,,644,,15718
604,Watford,East,England,E14001021,Borough,24400,1332,14606,,10152,,5481
605,Waveney,East,England,E14001022,County,22104,1761,19696,,1055,,7580
610,Welwyn Hatfield,East,England,E14001027,County,25281,1742,13128,,3140,,6556
626,Witham,East,England,E14001045,County,27123,2038,7467,,2891,,7569
11,Amber Valley,East Midlands,England,E14000533,County,20106,1087,15901,,1360,,7263
19,Ashfield,East Midlands,England,E14000535,County,10628,,19448,,7030,,10150
35,Bassetlaw,East Midlands,England,E14000546,County,15122,1006,23965,,1331,,7865
75,Bolsover,East Midlands,England,E14000577,County,10764,,22542,,1464,,9228
80,Boston & Skegness,East Midlands,England,E14000582,County,18981,800,7142,,1015,,14645
81,Bosworth,East Midlands,England,E14000583,County,22939,,9354,,11951,,9338
107,Broxtowe,East Midlands,England,E14000607,County,24163,1544,19876,,2120,,5674
136,Charnwood,East Midlands,England,E14000625,County,28384,,11453,,3605,,8330
144,Chesterfield,East Midlands,England,E14000632,Borough,8231,1352,21829,,6301,,7523
161,Corby,East Midlands,England,E14000648,County,24023,1374,,21611,1458,,7708
178,Daventry,East Midlands,England,E14000660,County,30550,1829,9491,,2352,,8296
181,Derby North,East Midlands,England,E14000662,Borough,16402,1618,16361,,3832,,6532
182,Derby South,East Midlands,England,E14000663,Borough,11179,1208,20007,,1717,,6341
183,Derbyshire Dales,East Midlands,England,E14000664,County,24805,2173,10761,,3965,,5508
184,Derbyshire Mid,East Midlands,England,E14000814,County,24908,1898,12134,,2292,,6497
185,Derbyshire North East,East Midlands,England,E14000843,County,17605,1059,19488,,2004,,7631
186,Derbyshire South,East Midlands,England,E14000935,County,25066,1216,13595,,1887,,8998
241,Erewash,East Midlands,England,E14000695,County,20636,1184,17052,,1658,,7792
257,Gainsborough,East Midlands,England,E14000707,County,25949,1290,10500,,3290,,7727
260,Gedling,East Midlands,England,E14000710,County,17321,1534,20307,,1906,,6930
274,Grantham & Stamford,East Midlands,England,E14000714,County,28399,1872,9070,,3263,,9410
291,Harborough,East Midlands,England,E14000728,County,27675,2177,8043,,7037,,7539
314,High Peak,East Midlands,England,E14000748,County,22836,1811,17942,,2389,,5811
341,Kettering,East Midlands,England,E14000769,County,24467,1633,11877,,1490,,7600
356,Leicester East,East Midlands,England,E14000782,Borough,11034,1468,29386,,1233,,4290
357,Leicester South,East Midlands,England,E14000783,Borough,9628,2533,,27473,2127,,3832
358,Leicester West,East Midlands,England,E14000784,Borough,8848,1878,16051,,1507,,5950
359,Leicestershire North West,East Midlands,England,E14000858,County,25505,1174,,14132,2033,,8704
360,Leicestershire South,East Midlands,England,E14000940,County,28700,,11876,,3987,,9363
368,Lincoln,East Midlands,England,E14000792,Borough,19976,,18533,,1992,,5721
377,Loughborough,East Midlands,England,E14000797,County,25762,1845,16579,,2130,,5704
378,Louth & Horncastle,East Midlands,England,E14000798,County,25755,1549,9077,,2255,,10778
390,Mansfield,East Midlands,England,E14000810,County,13288,1486,18603,,1642,,11850
411,Newark,East Midlands,England,E14000829,County,29834,1792,11360,,2385,,6294
427,Northampton North,East Midlands,England,E14000861,Borough,16699,1503,13454,,1401,,6354
428,Northampton South,East Midlands,England,E14000862,Borough,16163,1403,12370,,1673,,7114
429,Northamptonshire South,East Midlands,England,E14000942,County,36607,2247,10191,,3613,,8204
432,Nottingham East,East Midlands,England,E14000865,Borough,7314,3473,,19208,1475,,3501
433,Nottingham North,East Midlands,England,E14000866,Borough,7423,1088,19283,,847,,6542
434,Nottingham South,East Midlands,England,E14000867,Borough,13761,2345,20697,,1532,,4900
486,Rushcliffe,East Midlands,England,E14000908,County,28354,3559,14525,,2783,,5943
488,Rutland & Melton,East Midlands,England,E14000909,County,30383,2325,8383,,4407,,8678
508,Sherwood,East Midlands,England,E14000924,County,22833,1108,18186,,1094,,7399
514,Sleaford & North Hykeham,East Midlands,England,E14000929,County,34805,,10690,,3500,,9716
520,South Holland & The Deepings,East Midlands,England,E14000939,County,29303,1580,6122,,1466,,10736
608,Wellingborough,East Midlands,England,E14001025,County,26265,2218,9839,,2240,,9868
28,Barking,London,England,E14000540,Borough,7019,897,24826,,562,,9554
38,Battersea,London,England,E14000549,Borough,26730,1682,18792,,2241,,1586
40,Beckenham,London,England,E14000551,Borough,27955,1878,9484,,3378,,6108
49,Bermondsey & Old Southwark,London,England,E14000553,Borough,6051,2023,22146,,17657,,3254
52,Bethnal Green & Bow,London,England,E14000555,Borough,8070,4906,32387,,2395,,3219
55,Bexleyheath & Crayford,London,England,E14000558,Borough,20643,950,11451,,1308,,9182
90,Brent Central,London,England,E14000591,Borough,9567,1912,29216,,3937,,1850
91,Brent North,London,England,E14000592,Borough,17517,1539,28351,,2607,,2024
92,Brentford & Isleworth,London,England,E14000593,Borough,24631,2120,25096,,2305,,3203
104,Bromley & Chislehurst,London,England,E14000604,Borough,23343,1823,9779,,2836,,6285
117,Camberwell & Peckham,London,England,E14000615,Borough,6790,5187,32614,,2580,,2413
133,Carshalton & Wallington,London,England,E14000621,Borough,15093,1492,7150,,16603,,7049
140,Chelsea & Fulham,London,England,E14000629,Borough,25322,1474,9300,,2091,,2039
146,Chingford & Woodford Green,London,England,E14000634,Borough,20999,1854,12613,,2400,,5644
148,Chipping Barnet,London,England,E14000636,Borough,25759,2501,18103,,2381,,4151
151,Cities Of London & Westminster,London,England,E14000639,Borough,19570,1953,9899,,2521,,1894
170,Croydon Central,London,England,E14000654,Borough,22753,1454,22588,,1152,,4810
171,Croydon North,London,England,E14000655,Borough,12149,2515,,33513,1919,,2899
172,Croydon South,London,England,E14000656,Borough,31448,2154,14308,,3448,,6068
175,Dagenham & Rainham,London,England,E14000657,Borough,10492,806,17830,,717,,12850
206,Dulwich & West Norwood,London,England,E14000673,Borough,11650,4844,27772,,5055,,1606
218,Ealing Central & Acton,London,England,E14000674,Borough,21728,1841,22002,,3106,,1926
219,Ealing North,London,England,E14000675,Borough,14419,1635,26745,,1575,,3922
220,Ealing Southall,London,England,E14000676,Borough,9387,2007,28147,,1550,,1769
222,East Ham,London,England,E14000679,Borough,6311,1299,40563,,856,,2622
233,Edmonton,London,England,E14000687,Borough,9969,1358,,25388,897,,3366
236,Eltham,London,England,E14000690,Borough,15700,1275,18393,,1308,,6481
237,Enfield North,London,England,E14000691,Borough,19086,1303,20172,,1059,,4133
238,Enfield Southgate,London,England,E14000692,Borough,22624,1690,17871,,1518,,2109
242,Erith & Thamesmead,London,England,E14000696,Borough,11684,941,21209,,972,,7368
248,Feltham & Heston,London,England,E14000701,Borough,14382,1390,,25845,1579,,6209
252,Finchley & Golders Green,London,England,E14000703,Borough,25835,1357,20173,,1662,,1732
278,Greenwich & Woolwich,London,England,E14000718,Borough,12438,2991,24384,,2645,,3888
280,Hackney North & Stoke Newington,London,England,E14000720,Borough,7349,7281,31357,,2492,,1085
281,Hackney South & Shoreditch,London,England,E14000721,Borough,6420,5519,,30633,2186,,1818
286,Hammersmith,London,England,E14000726,Borough,17463,2105,23981,,2224,,2105
290,Hampstead & Kilburn,London,England,E14000727,Borough,22839,2387,23977,,3039,,1532
294,Harrow East,London,England,E14000731,Borough,24668,846,19911,,1037,,2333
295,Harrow West,London,England,E14000732,Borough,19677,1310,,21885,1567,,2047
300,Hayes & Harlington,London,England,E14000737,Borough,11143,794,26843,,888,,5388
304,Hendon,London,England,E14000741,Borough,24328,1015,20604,,1088,,2595
316,Holborn & St Pancras,London,England,E14000750,Borough,12014,7013,29062,,3555,,2740
317,Hornchurch & Upminster,London,England,E14000751,Borough,27051,1411,11103,,1501,,13977
318,Hornsey & Wood Green,London,England,E14000752,Borough,5347,3146,29417,,18359,,1271
328,Ilford North,London,England,E14000759,Borough,20874,1023,21463,,1130,,4355
329,Ilford South,London,England,E14000760,Borough,13455,1506,,33232,1014,,2705
334,Islington North,London,England,E14000763,Borough,8465,5043,29659,,3984,,1971
335,Islington South & Finsbury,London,England,E14000764,Borough,9839,3371,22547,,4829,,3375
340,Kensington,London,England,E14000768,Borough,18199,1765,10838,,1962,,1557
343,Kingston & Surbiton,London,England,E14000770,Borough,23249,2322,8574,,20415,,4321
363,Lewisham Deptford,London,England,E14000789,Borough,7056,5932,28572,,2497,,2013
364,Lewisham East,London,England,E14000787,Borough,9574,2429,23907,,2455,,3886
365,Lewisham West & Penge,London,England,E14000788,Borough,11633,4077,24347,,3709,,3764
366,Leyton & Wanstead,London,England,E14000790,Borough,8939,2974,23856,,2304,,2341
399,Mitcham & Morden,London,England,E14000823,Borough,10458,1422,27380,,1378,,4287
438,Old Bexley & Sidcup,London,England,E14000869,Borough,24682,1336,8879,,1644,,8528
442,Orpington,London,England,E14000872,Borough,28152,1732,7645,,3330,,8173
456,Poplar & Limehouse,London,England,E14000882,Borough,12962,2463,29886,,2149,,3128
462,Putney,London,England,E14000887,Borough,23018,2067,12838,,2717,,1989
473,Richmond Park,London,England,E14000896,Borough,34404,3548,7296,,11389,,2464
477,Romford,London,England,E14000900,Borough,25067,1222,10268,,1413,,11208
484,"Ruislip Northwood & Pinner",London,England,E14000906,Borough,30521,1801,10297,,2537,,5598
544,Streatham,London,England,E14000978,Borough,12540,4421,26474,,4491,,1602
556,Sutton & Cheam,London,England,E14000984,Borough,20732,1051,5546,,16811,,5341
574,Tooting,London,England,E14000998,Borough,22421,2201,25263,,2107,,1537
578,Tottenham,London,England,E14001002,Borough,5090,3931,28654,,1756,,1512
581,Twickenham,London,England,E14001005,Borough,25580,2463,7129,,23563,,3069
587,Uxbridge & Ruislip South,London,England,E14001007,Borough,22511,1414,11816,,2215,,6346
590,Vauxhall,London,England,E14001008,Borough,13070,3658,25778,,3312,,1385
595,Walthamstow,London,England,E14001013,Borough,5584,2661,,28779,1661,,2507
614,West Ham,London,England,E14001032,Borough,8146,2651,36132,,1430,,3950
615,Westminster North,London,England,E14001036,Borough,16527,1322,18504,,1457,,1489
621,Wimbledon,London,England,E14001040,Borough,25225,1986,12606,,6129,,2476
50,Berwick-Upon-Tweed,North East,England,E14000554,County,16603,1488,6042,,11689,,4513
66,Bishop Auckland,North East,England,E14000569,County,12799,1545,16307,,1723,,7015
72,Blaydon,North East,England,E14000574,Borough,7838,1648,22090,,5497,,7863
73,Blyth Valley,North East,England,E14000575,Borough,8346,1453,17813,,2265,,8584
176,Darlington,North East,England,E14000658,Borough,14479,1444,17637,,1966,,5392
214,"Durham City Of",North East,England,E14000641,County,10157,2687,21596,,5153,,5232
215,Durham North,North East,England,E14000840,County,8403,1246,22047,,2046,,6404
216,Durham North West,North East,England,E14000856,County,10018,1567,20074,,3894,,7265
221,Easington,North East,England,E14000677,County,4478,733,21132,,834,,6491
259,Gateshead,North East,England,E14000709,Borough,5502,1548,21549,,2585,,6765
296,Hartlepool,North East,England,E14000733,Borough,8256,1341,14076,,761,,11052
312,Hexham,North East,England,E14000746,County,22834,2445,10803,,2961,,4302
320,Houghton & Sunderland South,North East,England,E14000754,Borough,7105,1095,21218,,791,,8280
337,Jarrow,North East,England,E14000765,Borough,6584,1310,21464,,1238,,7583
394,Middlesbrough,North East,England,E14000819,Borough,5388,1407,18584,,1220,,6107
395,Middlesbrough South & Cleveland East,North East,England,E14000820,County,16925,1060,19193,,1564,,6935
414,Newcastle Upon Tyne Central,North East,England,E14000831,Borough,6628,1724,19301,,2218,,5214
415,Newcastle Upon Tyne East,North East,England,E14000832,Borough,6884,3426,19378,,4332,,4910
416,Newcastle Upon Tyne North,North East,England,E14000833,Borough,10536,1515,20689,,4366,,7447
466,Redcar,North East,England,E14000891,Borough,6630,880,,17946,7558,,7516
499,Sedgefield,North East,England,E14000915,County,11432,1213,18275,,1370,,6426
522,South Shields,North East,England,E14000944,Borough,6021,1614,18589,,639,,7975
535,Stockton North,North East,England,E14000970,Borough,11069,,19436,,884,,7581
536,Stockton South,North East,England,E14000971,Borough,24221,952,,19175,1366,,5480
551,Sunderland Central,North East,England,E14000982,Borough,9780,1706,20959,,1105,,7997
582,Tynemouth,North East,England,E14001006,Borough,17551,2017,25791,,1595,,6541
583,Tyneside North,North East,England,E14000853,Borough,8997,1442,26191,,2075,,7618
596,Wansbeck,North East,England,E14001014,County,8386,1454,19267,,2407,,7014
603,Washington & Sunderland West,North East,England,E14001020,Borough,7033,1091,20478,,993,,7321
9,Altrincham & Sale West,North West,England,E14000532,Borough,26771,1983,13481,,4235,,4047
21,Ashton Under Lyne,North West,England,E14000537,Borough,8610,1531,19366,,943,,8468
31,Barrow & Furness,North West,England,E14000543,County,17525,1061,,18320,1169,,5070
56,Birkenhead,North West,England,E14000559,Borough,5816,1626,26468,,1396,,3838
67,Blackburn,North West,England,E14000570,Borough,12002,,24762,,955,,6280
68,Blackley & Broughton,North West,England,E14000571,Borough,5581,1567,22982,,874,,6108
69,Blackpool North & Cleveleys,North West,England,E14000572,Borough,17508,889,14168,,948,,5823
70,Blackpool South,North West,England,E14000573,Borough,10963,841,13548,,743,,5613
76,Bolton North East,North West,England,E14000578,Borough,14164,1103,18541,,1236,,8117
77,Bolton South East,North West,England,E14000579,Borough,8289,1200,20555,,1072,,9627
78,Bolton West,North West,England,E14000580,County,19744,,18943,,1947,,7428
79,Bootle,North West,England,E14000581,Borough,3639,1501,33619,,978,,4915
109,Burnley,North West,England,E14000609,Borough,5374,850,14951,,11707,,6864
111,Bury North,North West,England,E14000611,Borough,18970,1141,18592,,932,,5595
112,Bury South,North West,England,E14000612,Borough,16350,1434,21272,,1690,,6299
130,Carlisle,North West,England,E14000620,County,18873,1125,16099,,1087,,5277
138,Cheadle,North West,England,E14000627,Borough,22889,,8673,,16436,,4423
143,"Chester City Of",North West,England,E14000640,County,22025,,22118,,2870,,4148
149,Chorley,North West,England,E14000637,County,18792,1111,23322,,1354,,6995
159,Congleton,North West,England,E14000646,County,27164,1876,10391,,4623,,6922
160,Copeland,North West,England,E14000647,County,14186,1179,16750,,1368,,6148
169,Crewe & Nantwich,North West,England,E14000653,County,22445,,18825,,1374,,7252
180,Denton & Reddish,North West,England,E14000661,Borough,9150,1466,19661,,957,,7225
227,Eddisbury,North West,England,E14000686,County,24167,1624,11193,,4289,,5778
234,Ellesmere Port & Neston,North West,England,E14000688,County,16041,990,22316,,1563,,5594
256,Fylde,North West,England,E14000706,County,21406,1381,8182,,1623,,5569
258,Garston & Halewood,North West,England,E14000708,Borough,6693,1690,33839,,2279,,4482
285,Halton,North West,England,E14000725,County,8007,1017,28292,,1097,,6333
301,Hazel Grove,North West,England,E14000738,County,17882,1140,7584,,11330,,5283
313,Heywood & Middleton,North West,England,E14000747,County,9268,1110,20926,,1607,,15627
327,Hyndburn,North West,England,E14000758,Borough,13676,1122,18076,,859,,9154
346,Knowsley,North West,England,E14000775,Borough,3367,1270,39628,,1490,,4973
349,Lancashire West,North West,England,E14001033,County,16114,1582,24474,,1298,,6058
350,Lancaster & Fleetwood,North West,England,E14000776,County,16378,2093,17643,,1390,,4060
361,Leigh,North West,England,E14000785,County,10216,,24312,,1150,,8903
370,Liverpool Riverside,North West,England,E14000793,Borough,4245,5372,,29835,1719,,2510
371,Liverpool Walton,North West,England,E14000794,Borough,1802,956,31222,,899,,3445
372,Liverpool Wavertree,North West,England,E14000795,Borough,4098,2140,,28401,2454,,3375
373,Liverpool West Derby,North West,England,E14000796,Borough,2710,996,,30842,959,,3475
382,Macclesfield,North West,England,E14000802,County,26063,2404,11252,,3842,,6037
385,Makerfield,North West,England,E14000805,County,8752,1136,23208,,1639,,10053
387,Manchester Central,North West,England,E14000807,Borough,6133,3838,,27772,1867,,5033
388,Manchester Gorton,North West,England,E14000808,Borough,4063,4108,28187,,1782,,3434
389,Manchester Withington,North West,England,E14000809,Borough,4872,4048,26843,,11970,,2172
404,Morecambe & Lunesdale,North West,England,E14000825,County,19691,1395,15101,,1612,,5358
439,Oldham East & Saddleworth,North West,England,E14000870,County,11527,1152,17529,,5718,,8557
440,Oldham West & Royton,North West,England,E14000871,Borough,8187,839,23630,,1589,,8892
447,Pendle,North West,England,E14000875,Borough,20978,1043,15525,,1487,,5415
449,Penrith & The Border,North West,England,E14000877,County,26202,2313,6308,,3745,,5353
460,Preston,North West,England,E14000885,Borough,6688,1643,,18755,1244,,5139
471,Ribble Valley,North West,England,E14000894,County,25404,2193,11798,,2756,,8250
474,Rochdale,North West,England,E14000897,County,7742,1382,20961,,4667,,8519
480,Rossendale & Darwen,North West,England,E14000902,Borough,22847,1046,17193,,806,,6862
492,St Helens North,North West,England,E14000962,Borough,9087,1762,26378,,2046,,6983
493,St Helens South & Whiston,North West,England,E14000963,Borough,7707,2237,28950,,2737,,6766
495,Salford & Eccles,North West,England,E14000911,Borough,8823,2251,21364,,1614,,7806
500,Sefton Central,North West,England,E14000916,County,14513,1184,26359,,2086,,4879
521,South Ribble,North West,England,E14000943,County,24313,,18368,,2312,,7377
526,Southport,North West,England,E14000958,Borough,12330,1230,8468,,13652,,7429
531,Stalybridge & Hyde,North West,England,E14000967,County,11761,1850,,18447,1256,,7720
534,Stockport,North West,England,E14000969,Borough,9710,1753,19771,,3034,,5206
545,Stretford & Urmston,North West,England,E14000979,Borough,12916,2187,24601,,1362,,5068
563,Tatton,North West,England,E14000987,County,26552,1714,8311,,3850,,4871
592,Wallasey,North West,England,E14001010,Borough,9828,1288,26176,,1011,,5063
599,Warrington North,North West,England,E14001017,Borough,12797,1264,21720,,1881,,7757
600,Warrington South,North West,England,E14001018,Borough,25928,1765,23178,,3335,,4909
607,Weaver Vale,North West,England,E14001024,County,20227,1183,19421,,1395,,4547
616,Westmorland & Lonsdale,North West,England,E14001037,County,16245,1798,2661,,25194,,3031
618,Wigan,North West,England,E14001039,County,9389,1273,23625,,1255,,8818
624,Wirral South,North West,England,E14001043,County,15566,895,20165,,1474,,3737
625,Wirral West,North West,England,E14001044,County,18481,,18898,,1433,,2772
636,Workington,North West,England,E14001053,County,11596,1149,16282,,1708,,7538
637,Worsley & Eccles South,North West,England,E14001054,County,12654,1242,18600,,1100,,7688
643,Wyre & Preston North,North West,England,E14001057,County,26528,1699,12377,,2712,,6577
645,Wythenshawe & Sale East,North West,England,E14001059,Borough,11124,1658,21693,,1927,,6354
7,Aldershot,South East,England,E14000530,Borough,23369,2025,8468,,4076,,8253
18,Arundel & South Downs,South East,England,E14000534,County,34331,3606,6324,,4062,,8154
20,Ashford,South East,England,E14000536,County,30094,2467,10580,,3433,,10798
22,Aylesbury,South East,England,E14000538,County,28083,2135,8391,,5885,,10925
26,Banbury,South East,England,E14000539,County,30749,2686,12354,,3440,,8050
34,Basingstoke,South East,England,E14000545,Borough,25769,,14706,,3919,,8290
39,Beaconsfield,South East,England,E14000550,County,33621,2231,6074,,3927,,7310
54,Bexhill & Battle,South East,England,E14000557,County,30245,2807,7797,,4199,,10170
74,Bognor Regis & Littlehampton,South East,England,E14000576,County,24185,1942,6508,,4240,,10241
84,Bracknell,South East,England,E14000586,County,29606,2202,8956,,3983,,8339
97,Brighton Kemptown,South East,England,E14000597,Borough,18428,3187,17738,,1365,,4446
98,Brighton Pavilion,South East,England,E14000598,Borough,12448,22871,14904,,1525,,2724
108,Buckingham,South East,England,E14000608,County,,7400,,,,,11675
125,Canterbury,South East,England,E14000619,County,22918,3746,13120,,6227,,7289
137,Chatham & Aylesford,South East,England,E14000626,County,21614,1101,10159,,1360,,8581
142,Chesham & Amersham,South East,England,E14000631,County,31138,2901,6712,,4761,,7218
145,Chichester,South East,England,E14000633,County,32953,3742,6933,,4865,,8540
168,Crawley,South East,England,E14000652,Borough,22829,1100,16303,,1339,,6979
177,Dartford,South East,England,E14000659,County,25670,1324,13325,,1454,,10434
201,Dover,South East,England,E14000670,County,21737,1295,15443,,1572,,10177
225,Eastbourne,South East,England,E14000684,Borough,20934,1351,4143,,20201,,6139
226,Eastleigh,South East,England,E14000685,Borough,23464,1513,7181,,14317,,8783
240,Epsom & Ewell,South East,England,E14000694,Borough,33309,2116,8866,,5002,,7117
243,Esher & Walton,South East,England,E14000697,Borough,35845,2355,7229,,5372,,5551
246,Fareham,South East,England,E14000699,County,30689,2129,7800,,4814,,8427
247,Faversham & Kent Mid,South East,England,E14000700,County,24895,1768,7403,,3039,,8243
253,Folkestone & Hythe,South East,England,E14000704,County,26323,2956,7939,,4882,,12526
261,Gillingham & Rainham,South East,England,E14000711,Borough,22590,1133,12060,,1707,,9199
272,Gosport,South East,England,E14000713,Borough,26364,1707,6926,,3298,,9266
275,Gravesham,South East,England,E14000715,County,23484,1124,15114,,1111,,9306
279,Guildford,South East,England,E14000719,County,30802,2558,6534,,8354,,4774
287,Hampshire East,South East,England,E14000680,County,31334,3176,5220,,5732,,6187
288,Hampshire North East,South East,England,E14000844,County,35573,2364,5290,,5657,,4732
289,Hampshire North West,South East,England,E14000857,County,32052,2541,7342,,5151,,8109
298,Hastings & Rye,South East,England,E14000735,County,22686,1951,,17890,1614,,6786
299,Havant,South East,England,E14000736,Borough,23159,2352,7149,,2929,,9239
305,Henley,South East,England,E14000742,County,32292,3815,6917,,6205,,6007
319,Horsham,South East,England,E14000753,County,32627,2198,6499,,6647,,7969
321,Hove,South East,England,E14000755,Borough,20846,3569,22082,,1861,,3265
333,Isle Of Wight,South East,England,E14000762,County,28591,9404,8984,,5235,,14888
362,Lewes,South East,England,E14000786,County,19206,2784,5000,,18123,,5427
383,Maidenhead,South East,England,E14000803,County,35453,1915,6394,,5337,,4539
384,Maidstone & The Weald,South East,England,E14000804,County,22745,1396,5268,,12036,,7930
391,Meon Valley,South East,England,E14000811,County,31578,1831,5656,,4987,,7665
397,Milton Keynes North,South East,England,E14000821,County,27244,2255,17491,,3575,,6852
398,Milton Keynes South,South East,England,E14000822,Borough,27601,1936,,18929,2309,,7803
400,Mole Valley,South East,England,E14000824,County,33434,2979,4565,,7981,,6181
409,New Forest East,South East,England,E14000827,County,27819,2327,6018,,4626,,8657
410,New Forest West,South East,England,E14000828,County,28420,2748,5133,,3293,,7816
412,Newbury,South East,England,E14000830,County,34973,2324,4837,,8605,,6195
443,Oxford East,South East,England,E14000873,Borough,10076,5890,25356,,5453,,3451
444,Oxford West & Abingdon,South East,England,E14000874,County,26153,2497,7274,,16571,,3963
457,Portsmouth North,South East,England,E14000883,Borough,21343,1450,10806,,2828,,8660
458,Portsmouth South,South East,England,E14000884,Borough,14585,3145,8184,,9344,,5595
464,Reading East,South East,England,E14000889,Borough,23217,3214,16697,,3719,,3647
465,Reading West,South East,England,E14000890,County,23082,1406,16432,,2355,,4826
468,Reigate,South East,England,E14000893,Borough,29151,3434,6578,,5369,,6817
475,Rochester & Strood,South East,England,E14000898,County,23142,1516,10396,,1251,,16009
478,Romsey & Southampton North,South East,England,E14000901,County,26285,2280,5749,,8573,,5511
485,Runnymede & Weybridge,South East,England,E14000907,County,29901,2071,7767,,3362,,6951
502,Sevenoaks,South East,England,E14000918,County,28531,2238,6448,,3937,,8970
512,Sittingbourne & Sheppey,South East,England,E14000927,County,24425,1185,9673,,1563,,12257
515,Slough,South East,England,E14000930,Borough,16085,1220,23421,,1275,,6274
523,Southampton Itchen,South East,England,E14000955,Borough,18656,1876,,16340,1595,,6010
524,Southampton Test,South East,England,E14000956,Borough,14207,2568,18017,,2121,,5566
527,Spelthorne,South East,England,E14000959,Borough,24386,1724,9114,,3163,,10234
552,Surrey East,South East,England,E14000681,County,32211,2159,6627,,5189,,9553
553,Surrey Heath,South East,England,E14000983,County,32582,2400,6100,,4937,,7778
554,Surrey South West,South East,England,E14000953,County,34199,3105,5415,,3586,,5643
555,Sussex Mid,South East,England,E14000817,County,32268,2453,7982,,6604,,6898
567,Thanet North,South East,England,E14000852,County,23045,1719,8411,,1645,,12097
568,Thanet South,South East,England,E14000948,County,18838,1076,11740,,932,,16026
573,Tonbridge & Malling,South East,England,E14000997,County,31887,2366,7604,,3660,,8153
580,Tunbridge Wells,South East,England,E14001004,County,30181,2659,7307,,4342,,6481
597,Wantage,South East,England,E14001015,County,31092,2986,9343,,7611,,7288
606,Wealden,South East,England,E14001023,County,32508,3623,6165,,5180,,9541
622,Winchester,South East,England,E14001041,County,30425,2645,4613,,13511,,4122
623,Windsor,South East,England,E14001042,County,31797,1834,6714,,4323,,4992
627,Witney,South East,England,E14001046,County,35201,2970,10046,,3953,,5352
628,Woking,South East,England,E14001047,County,29199,2109,8389,,6047,,5873
629,Wokingham,South East,England,E14001048,County,32329,2092,8132,,7572,,5516
638,Worthing East & Shoreham,South East,England,E14000682,County,24686,2605,9737,,3360,,8267
639,Worthing West,South East,England,E14001055,Borough,26124,2938,7955,,4477,,9269
642,Wycombe,South East,England,E14001056,County,26444,3086,11588,,4546,,5198
36,Bath,South West,England,E14000547,Borough,17833,5634,6216,,14000,,2922
82,Bournemouth East,South West,England,E14000584,Borough,22060,3263,7448,,3752,,7401
83,Bournemouth West,South West,England,E14000585,Borough,20155,3107,7386,,3281,,7745
95,Bridgwater & Somerset West,South West,England,E14000595,County,25020,2636,9589,,6765,,10437
99,Bristol East,South West,England,E14000599,Borough,14168,3827,18148,,2689,,7152
100,Bristol North West,South West,England,E14000600,Borough,22767,2952,17823,,3214,,4889
101,Bristol South,South West,England,E14000601,Borough,12377,5861,19505,,4416,,8381
102,Bristol West,South West,England,E14000602,Borough,9752,17227,22900,,12103,,1940
118,Camborne & Redruth,South West,England,E14000616,County,18452,2608,11448,,5687,,6776
141,Cheltenham,South West,England,E14000630,Borough,24790,2689,3902,,18274,,3808
147,Chippenham,South West,England,E14000635,County,26354,2330,4561,,16278,,5884
150,Christchurch,South West,England,E14000638,County,28887,2149,4745,,3263,,10663
162,Cornwall North,South West,England,E14000837,County,21689,2063,2621,,15068,,6121
163,Cornwall South East,South West,England,E14000938,County,25516,2718,4692,,8521,,7698
164,"Cotswolds The",South West,England,E14000991,County,32045,2626,5240,,10568,,6188
187,Devizes,South West,England,E14000665,County,28295,2853,6360,,3954,,7544
188,Devon Central,South West,England,E14000623,County,28436,4866,6985,,6643,,7171
189,Devon East,South West,England,E14000678,County,25401,,5591,,3715,,6870
190,Devon North,South West,England,E14000838,County,22341,3018,3699,,15405,,7719
191,Devon South West,South West,England,E14000950,County,28500,2408,8391,,3767,,7306
192,Devon West & Torridge,South West,England,E14001000,County,28774,3941,6015,,7483,,10371
197,Dorset Mid & Poole North,South West,England,E14000815,County,23639,1321,2767,,13109,,5663
198,Dorset North,South West,England,E14000839,County,30227,3038,4785,,6226,,9109
199,Dorset South,South West,England,E14000936,County,23756,2275,11762,,2901,,7304
200,Dorset West,South West,England,E14001031,County,28329,3242,5633,,12199,,7055
244,Exeter,South West,England,E14000698,Borough,17879,3491,25062,,2321,,5075
251,Filton & Bradley Stoke,South West,England,E14000702,County,22920,2257,13082,,3581,,7261
254,Forest Of Dean,South West,England,E14000705,County,23191,2703,12204,,2630,,8792
270,Gloucester,South West,England,E14000712,Borough,23837,1485,16586,,2828,,7497
344,Kingswood,South West,England,E14000774,Borough,23252,1370,14246,,1827,,7133
420,Newton Abbot,South West,England,E14000835,County,22794,2216,4736,,11560,,6726
452,Plymouth Moor View,South West,England,E14000879,Borough,16020,1023,14994,,1265,,9152
453,Plymouth Sutton & Devonport,South West,England,E14000880,Borough,18120,3401,,17597,2008,,6731
455,Poole,South West,England,E14000881,Borough,23745,2198,6102,,5572,,7956
491,St Austell & Newquay,South West,England,E14000961,County,20250,2318,5150,,12077,,8503
494,St Ives,South West,England,E14000964,County,18491,3051,4510,,16022,,5720
496,Salisbury,South West,England,E14000912,County,28192,2762,7771,,5099,,6152
517,Somerset North,South West,England,E14000850,County,31540,3806,8441,,7486,,7669
518,Somerset North East,South West,England,E14000846,County,25439,2802,12690,,4029,,6150
519,Somerton & Frome,South West,England,E14000932,County,31960,5434,4419,,11692,,6439
546,Stroud,South West,England,E14000980,County,27813,2779,,22947,2086,,4848
560,Swindon North,South West,England,E14000851,County,26295,1723,14509,,1704,,8011
561,Swindon South,South West,England,E14000947,County,22777,1757,16992,,1817,,5920
564,Taunton Deane,South West,England,E14000988,County,27849,2630,5347,,12358,,6921
566,Tewkesbury,South West,England,E14000990,County,30176,2207,8204,,7629,,7128
570,Thornbury & Yate,South West,England,E14000994,County,19924,1316,3775,,18429,,5126
572,Tiverton & Honiton,South West,England,E14000996,County,29030,3415,6835,,5626,,8857
575,Torbay,South West,England,E14000999,Borough,19551,1557,4166,,16265,,6540
577,Totnes,South West,England,E14001001,County,24941,4845,5988,,4667,,6656
579,Truro & Falmouth,South West,England,E14001003,County,22681,4483,7814,,8681,,5967
609,Wells,South West,England,E14001026,County,26247,2331,3780,,18662,,5644
617,Weston-Super-Mare,South West,England,E14001038,County,25203,2592,9594,,5486,,9366
619,Wiltshire North,South West,England,E14000860,County,28938,2350,4930,,7892,,5813
620,Wiltshire South West,South West,England,E14000954,County,27198,2985,6948,,5482,,9030
646,Yeovil,South West,England,E14001060,County,24178,2191,4053,,18865,,7646
8,Aldridge-Brownhills,West Midlands,England,E14000531,Borough,20558,826,8835,,1330,,7751
57,Birmingham Edgbaston,West Midlands,England,E14000560,Borough,15812,1371,18518,,1184,,4154
58,Birmingham Erdington,West Midlands,England,E14000561,Borough,10695,948,15824,,965,,6040
59,Birmingham Hall Green,West Midlands,England,E14000562,Borough,8329,2200,28147,,5459,,2131
60,Birmingham Hodge Hill,West Midlands,England,E14000563,Borough,4707,835,28069,,2624,,4651
61,Birmingham Ladywood,West Midlands,England,E14000564,Borough,4576,1501,26444,,1374,,1805
62,Birmingham Northfield,West Midlands,England,E14000565,Borough,15164,1169,17673,,1349,,7106
63,Birmingham Perry Barr,West Midlands,England,E14000566,Borough,8869,1330,23697,,2001,,5032
64,Birmingham Selly Oak,West Midlands,England,E14000567,Borough,13137,2301,21584,,2517,,5755
65,Birmingham Yardley,West Midlands,England,E14000568,Borough,5760,698,17129,,10534,,6637
105,Bromsgrove,West Midlands,England,E14000605,County,28133,1729,11604,,2616,,8163
110,Burton,West Midlands,England,E14000610,County,24376,1224,13484,,1232,,8658
124,Cannock Chase,West Midlands,England,E14000618,County,20811,906,15888,,1270,,8224
165,Coventry North East,West Midlands,England,E14000649,Borough,9751,1245,22025,,2007,,6278
166,Coventry North West,West Midlands,England,E14000650,Borough,14048,1961,18557,,1810,,7101
167,Coventry South,West Midlands,England,E14000651,Borough,15284,1719,18472,,1779,,5709
204,Dudley North,West Midlands,England,E14000671,Borough,11704,517,15885,,478,,9113
205,Dudley South,West Midlands,England,E14000672,Borough,16723,970,12453,,828,,7236
282,Halesowen & Rowley Regis,West Midlands,England,E14000722,Borough,18933,849,15851,,905,,7280
306,Hereford & Herefordshire South,West Midlands,England,E14000743,County,24844,3415,6042,,5002,,7954
307,Herefordshire North,West Midlands,England,E14000847,County,26716,3341,5478,,5768,,6720
339,Kenilworth & Southam,West Midlands,England,E14000767,County,28474,1956,7472,,4913,,5467
367,Lichfield,West Midlands,England,E14000791,County,28389,1976,10200,,2700,,8082
379,Ludlow,West Midlands,England,E14000799,County,26093,2435,5902,,6469,,7164
392,Meriden,West Midlands,England,E14000812,County,28791,2170,9996,,2638,,8908
413,Newcastle-Under-Lyme,West Midlands,England,E14000834,Borough,15870,1246,16520,,1826,,7252
435,Nuneaton,West Midlands,England,E14000868,County,20827,1281,15945,,816,,6582
467,Redditch,West Midlands,England,E14000892,County,20771,960,13717,,1349,,7133
483,Rugby,West Midlands,England,E14000905,County,24040,1415,13695,,2776,,6855
510,Shrewsbury & Atcham,West Midlands,England,E14000926,County,24628,2247,15063,,4268,,7813
511,Shropshire North,West Midlands,England,E14000849,County,27041,2575,10547,,3148,,9262
516,Solihull,West Midlands,England,E14000931,Borough,26956,1632,5693,,14054,,6361
528,Stafford,West Midlands,England,E14000965,County,23606,1390,14429,,1348,,6293
529,Staffordshire Moorlands,West Midlands,England,E14000966,County,21770,1226,11596,,1759,,6236
530,Staffordshire South,West Midlands,England,E14000945,County,29478,1298,9107,,1448,,8267
537,Stoke-On-Trent Central,West Midlands,England,E14000972,Borough,7008,1123,12220,,1296,,7041
538,Stoke-On-Trent North,West Midlands,England,E14000973,Borough,10593,1091,15429,,1137,,9542
539,Stoke-On-Trent South,West Midlands,England,E14000974,Borough,12780,1029,15319,,1309,,8298
540,Stone,West Midlands,England,E14000975,County,25733,1191,9483,,2473,,7620
541,Stourbridge,West Midlands,England,E14000976,Borough,21195,1021,14501,,1538,,7774
543,Stratford-On-Avon,West Midlands,England,E14000977,County,29674,2128,6677,,6182,,6798
557,Sutton Coldfield,West Midlands,England,E14000985,Borough,27782,1426,11365,,2627,,7489
562,Tamworth,West Midlands,England,E14000986,County,23606,1110,12304,,1427,,8727
565,Telford,West Midlands,England,E14000989,Borough,16094,930,15364,,927,,7330
593,Walsall North,West Midlands,England,E14001011,Borough,12455,529,14392,,840,,8122
594,Walsall South,West Midlands,England,E14001012,Borough,13733,1149,19740,,676,,6540
598,Warley,West Midlands,England,E14001016,Borough,7310,1465,22012,,805,,6237
601,Warwick & Leamington,West Midlands,England,E14001019,Borough,24249,1994,17643,,2512,,4183
602,Warwickshire North,West Midlands,England,E14000854,County,20042,894,17069,,978,,8256
612,West Bromwich East,West Midlands,England,E14001029,Borough,9347,628,18817,,751,,7949
613,West Bromwich West,West Midlands,England,E14001030,Borough,8365,697,,16578,550,,8836
630,Wolverhampton North East,West Midlands,England,E14001049,Borough,10174,701,15669,,935,,6524
631,Wolverhampton South East,West Midlands,England,E14001050,Borough,7761,605,18539,,798,,7061
632,Wolverhampton South West,West Midlands,England,E14001051,Borough,16573,1058,17374,,845,,4310
633,Worcester,West Midlands,England,E14001052,Borough,22534,2024,16888,,1677,,6378
634,Worcestershire Mid,West Midlands,England,E14000818,County,29763,1933,7548,,3750,,9231
635,Worcestershire West,West Midlands,England,E14001035,County,30342,3505,7244,,5245,,7764
640,"Wrekin The",West Midlands,England,E14000992,County,22579,1443,11836,,1959,,7620
644,Wyre Forest,West Midlands,England,E14001058,County,22394,1117,9523,,1228,,7967
29,Barnsley Central,Yorkshire and The Humber,England,E14000541,Borough,5485,938,20376,,770,,7941
30,Barnsley East,Yorkshire and The Humber,England,E14000542,County,5622,,21079,,1217,,9045
37,Batley & Spen,Yorkshire and The Humber,England,E14000548,Borough,15769,1232,21826,,2396,,9080
53,Beverley & Holderness,Yorkshire and The Humber,England,E14000556,County,25363,1802,13160,,2900,,8794
85,Bradford East,Yorkshire and The Humber,England,E14000587,Borough,4682,871,19312,,12228,,4103
86,Bradford South,Yorkshire and The Humber,England,E14000588,Borough,9878,1243,16328,,1094,,9057
87,Bradford West,Yorkshire and The Humber,England,E14000589,Borough,6160,1085,19977,,1173,,3140
96,Brigg & Goole,Yorkshire and The Humber,England,E14000596,County,22946,915,11770,,764,,6694
116,Calder Valley,Yorkshire and The Humber,England,E14000614,County,23354,2090,18927,,2666,,5950
153,Cleethorpes,Yorkshire and The Humber,England,E14000643,County,21026,1013,13133,,1346,,8356
158,Colne Valley,Yorkshire and The Humber,England,E14000645,County,25246,1919,19868,,3407,,5734
193,Dewsbury,Yorkshire and The Humber,England,E14000666,County,20955,1366,22406,,1924,,6649
194,Don Valley,Yorkshire and The Humber,England,E14000667,County,10736,,19621,,1487,,9963
195,Doncaster Central,Yorkshire and The Humber,England,E14000668,Borough,8386,,19840,,1717,,9747
196,Doncaster North,Yorkshire and The Humber,England,E14000669,County,7235,757,20708,,1005,,8928
235,Elmet & Rothwell,Yorkshire and The Humber,England,E14000689,County,27978,1261,19488,,2640,,6430
276,Great Grimsby,Yorkshire and The Humber,England,E14000716,Borough,8874,783,13414,,1680,,8417
283,Halifax,Yorkshire and The Humber,England,E14000723,Borough,17078,1142,17506,,1629,,5621
284,Haltemprice & Howden,Yorkshire and The Humber,England,E14000724,County,26414,1809,10219,,3055,,6781
293,Harrogate & Knaresborough,Yorkshire and The Humber,England,E14000730,County,28153,2351,5409,,11782,,5681
303,Hemsworth,Yorkshire and The Humber,England,E14000740,County,9694,,21772,,1357,,8565
322,Huddersfield,Yorkshire and The Humber,England,E14000756,Borough,10841,2798,,18186,2365,,5948
323,Hull East,Yorkshire and The Humber,England,E14000771,Borough,5593,806,18180,,2294,,7861
324,Hull North,Yorkshire and The Humber,England,E14000772,Borough,5306,2066,18661,,3175,,5762
325,Hull West & Hessle,Yorkshire and The Humber,England,E14000773,Borough,5561,943,15646,,3169,,6313
338,Keighley,Yorkshire and The Humber,England,E14000766,County,21766,1661,18713,,1321,,5662
351,Leeds Central,Yorkshire and The Humber,England,E14000777,Borough,7791,3558,24758,,1529,,7082
352,Leeds East,Yorkshire and The Humber,England,E14000778,Borough,7997,1117,20530,,1296,,7256
353,Leeds North East,Yorkshire and The Humber,England,E14000779,Borough,15887,2541,23137,,2569,,3706
354,Leeds North West,Yorkshire and The Humber,England,E14000780,Borough,8083,3042,13041,,15948,,2997
355,Leeds West,Yorkshire and The Humber,England,E14000781,Borough,7729,3217,18456,,1495,,7104
405,Morley & Outwood,Yorkshire and The Humber,England,E14000826,County,18776,1264,,18354,1426,,7951
426,"Normanton Pontefract & Castleford",Yorkshire and The Humber,England,E14000836,County,9569,,25213,,1330,,9785
448,Penistone & Stocksbridge,Yorkshire and The Humber,England,E14000876,County,12968,,19691,,2957,,10738
461,Pudsey,Yorkshire and The Humber,England,E14000886,Borough,23637,1539,19136,,1926,,4689
472,Richmond (Yorks),Yorkshire and The Humber,England,E14000895,County,27744,2313,7124,,3465,,8194
481,Rother Valley,Yorkshire and The Humber,England,E14000903,County,10945,,20501,,1992,,13204
482,Rotherham,Yorkshire and The Humber,England,E14000904,Borough,4656,,19860,,1093,,11414
497,Scarborough & Whitby,Yorkshire and The Humber,England,E14000913,County,20613,2185,14413,,2159,,8162
498,Scunthorpe,Yorkshire and The Humber,England,E14000914,County,12259,887,15393,,770,,6329
501,Selby & Ainsty,Yorkshire and The Humber,England,E14000917,County,27725,1465,14168,,1920,,7389
503,Sheffield Brightside & Hillsborough,Yorkshire and The Humber,England,E14000921,Borough,4407,1712,22663,,1802,,8856
504,Sheffield Central,Yorkshire and The Humber,England,E14000919,Borough,4917,6999,24308,,4278,,3296
505,Sheffield Hallam,Yorkshire and The Humber,England,E14000922,County,7544,1772,19862,,22215,,3575
506,Sheffield Heeley,Yorkshire and The Humber,England,E14000923,Borough,6792,2566,20269,,4746,,7315
507,Sheffield South East,Yorkshire and The Humber,England,E14000920,Borough,7242,1117,21439,,2226,,9128
509,Shipley,Yorkshire and The Humber,England,E14000925,County,25269,2657,15645,,1949,,4479
513,Skipton & Ripon,Yorkshire and The Humber,England,E14000928,County,30248,3116,9487,,4057,,7651
569,Thirsk & Malton,Yorkshire and The Humber,England,E14000993,County,27545,2404,8089,,4703,,7805
591,Wakefield,Yorkshire and The Humber,England,E14001009,County,14688,1069,17301,,1483,,7862
611,Wentworth & Dearne,Yorkshire and The Humber,England,E14001028,County,6441,,24571,,1135,,10733
648,York Central,Yorkshire and The Humber,England,E14001061,Borough,13496,4791,,20212,3804,,4795
649,York Outer,Yorkshire and The Humber,England,E14001062,County,26477,2558,13348,,6269,,5251
650,Yorkshire East,Yorkshire and The Humber,England,E14000683,County,25276,1731,10343,,2966,,8955
3,Aberdeen North,Scotland,Scotland,S14000001,Burgh,5304,,,11397,2050,24793,0
4,Aberdeen South,Scotland,Scotland,S14000002,Burgh,11087,964,12991,,2252,20221,897
5,Aberdeenshire West & Kincardine,Scotland,Scotland,S14000058,County,15916,885,2487,,11812,22949,1006
6,Airdrie & Shotts,Scotland,Scotland,S14000003,County,3389,,15108,,678,23887,1088
12,Angus,Scotland,Scotland,S14000004,County,12900,965,3919,,1216,24130,1355
17,Argyll & Bute,Scotland,Scotland,S14000005,County,7733,,5394,,14486,22959,1311
23,"Ayr Carrick & Cumnock",Scotland,Scotland,S14000006,County,10355,,14227,,855,25492,1280
24,Ayrshire Central,Scotland,Scotland,S14000010,County,8803,645,13410,,917,26999,0
25,Ayrshire North & Arran,Scotland,Scotland,S14000048,County,7968,,15068,,896,28641,1296
27,Banff & Buchan,Scotland,Scotland,S14000007,County,13148,,2647,,2347,27487,0
51,"Berwickshire Roxburgh & Selkirk",Scotland,Scotland,S14000008,County,19817,631,2700,,10294,20145,1316
115,"Caithness Sutherland & Easter Ross",Scotland,Scotland,S14000009,County,2326,,3061,,11987,15831,981
156,"Coatbridge Chryston & Bellshill",Scotland,Scotland,S14000011,Burgh,3209,,17195,,549,28696,1049
173,"Cumbernauld Kilsyth & Kirkintilloch East",Scotland,Scotland,S14000012,County,3891,,14820,,1099,29572,0
207,Dumfries & Galloway,Scotland,Scotland,S14000013,County,16926,,13982,,953,23440,1301
208,"Dumfriesshire Clydesdale & Tweeddale",Scotland,Scotland,S14000014,County,20759,839,7711,,1392,19961,1472
209,Dunbartonshire East,Scotland,Scotland,S14000018,County,4727,804,6754,,19926,22093,567
210,Dunbartonshire West,Scotland,Scotland,S14000059,County,3597,,,16027,816,30198,0
211,Dundee East,Scotland,Scotland,S14000015,Burgh,7206,895,9603,,1387,28765,0
212,Dundee West,Scotland,Scotland,S14000016,Burgh,3852,1225,10592,,1057,27684,0
213,Dunfermline & Fife West,Scotland,Scotland,S14000017,County,6623,1195,17744,,2232,28096,0
223,"East Kilbride Strathaven & Lesmahagow",Scotland,Scotland,S14000019,County,7129,,17151,,1042,33678,1221
224,East Lothian,Scotland,Scotland,S14000020,County,11511,1245,18301,,1517,25104,1178
228,Edinburgh East,Scotland,Scotland,S14000022,Burgh,4670,2809,14082,,1325,23188,898
229,Edinburgh North & Leith,Scotland,Scotland,S14000023,Burgh,9378,3140,,18145,2634,23742,847
230,Edinburgh South,Scotland,Scotland,S14000024,Burgh,8626,2090,19293,,1823,16656,601
231,Edinburgh South West,Scotland,Scotland,S14000025,Burgh,10444,1965,14033,,1920,22168,1072
232,Edinburgh West,Scotland,Scotland,S14000026,Burgh,6732,1140,6425,,18168,21378,1015
245,Falkirk,Scotland,Scotland,S14000028,County,7325,,15130,,1225,34831,1829
250,Fife North East,Scotland,Scotland,S14000049,County,7373,1387,3476,,14179,18523,0
262,Glasgow Central,Scotland,Scotland,S14000029,Burgh,2359,1559,12996,,612,20658,786
263,Glasgow East,Scotland,Scotland,S14000030,Burgh,2544,381,13729,,318,24116,1105
264,Glasgow North,Scotland,Scotland,S14000031,Burgh,2901,2284,10315,,1012,19610,486
265,Glasgow North East,Scotland,Scotland,S14000032,Burgh,1769,615,12754,,300,21976,0
266,Glasgow North West,Scotland,Scotland,S14000033,Burgh,3692,1167,13544,,1194,23908,0
267,Glasgow South,Scotland,Scotland,S14000034,Burgh,4752,1431,14504,,1019,26773,0
268,Glasgow South West,Scotland,Scotland,S14000035,Burgh,2036,507,,13438,406,23388,970
269,Glenrothes,Scotland,Scotland,S14000036,County,3685,,,14562,892,28459,0
271,Gordon,Scotland,Scotland,S14000037,County,6807,,3441,,19030,27717,1166
330,Inverclyde,Scotland,Scotland,S14000038,County,4446,,13522,,1106,24585,715
331,"Inverness Nairn Badenoch & Strathspey",Scotland,Scotland,S14000039,County,3410,1367,4311,,18029,28838,1236
342,Kilmarnock & Loudoun,Scotland,Scotland,S14000040,County,6752,,,16362,789,30000,0
345,Kirkcaldy & Cowdenbeath,Scotland,Scotland,S14000041,County,5223,,,17654,1150,27628,1237
348,Lanark & Hamilton East,Scotland,Scotland,S14000042,County,8772,,16876,,1203,26976,1431
369,Linlithgow & Falkirk East,Scotland,Scotland,S14000043,County,7384,,19121,,1252,32055,1682
374,Livingston,Scotland,Scotland,S14000044,County,5929,,15893,,1232,32736,1757
396,Midlothian,Scotland,Scotland,S14000045,County,5760,1219,14594,,1132,24453,1173
403,Moray,Scotland,Scotland,S14000046,County,15319,1345,4898,,1395,24384,1939
406,Motherwell & Wishaw,Scotland,Scotland,S14000047,Burgh,3695,,15377,,601,27275,1289
407,Na H-Eileanan An Iar,Scotland,Scotland,S14000027,County,1215,,4560,,456,8662,0
436,Ochil & Perthshire South,Scotland,Scotland,S14000050,County,11987,,16452,,1481,26620,1331
441,Orkney & Shetland,Scotland,Scotland,S14000051,County,2025,,1624,,9407,8590,1082
445,Paisley & Renfrewshire North,Scotland,Scotland,S14000052,County,6183,703,16525,,1055,25601,0
446,Paisley & Renfrewshire South,Scotland,Scotland,S14000053,County,3526,,17864,,1010,23548,0
450,Perth & Perthshire North,Scotland,Scotland,S14000054,County,17738,1146,4413,,2059,27379,1110
469,Renfrewshire East,Scotland,Scotland,S14000021,County,12465,,19295,,1069,23013,888
479,"Ross Skye & Lochaber",Scotland,Scotland,S14000055,County,2598,1051,2043,,14995,20119,814
487,Rutherglen & Hamilton West,Scotland,Scotland,S14000056,Burgh,4350,,,20304,1045,30279,1301
533,Stirling,Scotland,Scotland,S14000057,County,12051,1606,13303,,1392,23783,0
1,Aberavon,Wales,Wales,W07000049,County,3742,711,15416,,1397,,4971
2,Aberconwy,Wales,Wales,W07000058,County,12513,727,8514,,1391,,3467
10,Alyn & Deeside,Wales,Wales,W07000043,County,13197,976,16540,,1733,,7260
16,Arfon,Wales,Wales,W07000057,County,3521,,8122,,718,,2277
71,Blaenau Gwent,Wales,Wales,W07000072,County,3419,738,18380,,620,,5677
89,Brecon & Radnorshire,Wales,Wales,W07000068,County,16453,1261,5904,,11351,,3338
94,Bridgend,Wales,Wales,W07000073,County,12697,736,14624,,1648,,5911
114,Caerphilly,Wales,Wales,W07000076,County,6683,937,17864,,935,,7791
126,Cardiff Central,Wales,Wales,W07000050,Borough,5674,2461,15462,,10481,,2499
127,Cardiff North,Wales,Wales,W07000051,Borough,21709,1254,19572,,1953,,3953
128,Cardiff South & Penarth,Wales,Wales,W07000080,Borough,12513,1746,,19966,2318,,6423
129,Cardiff West,Wales,Wales,W07000079,Borough,11014,1704,17803,,2069,,4923
131,Carmarthen East & Dinefwr,Wales,Wales,W07000067,County,8336,1091,9541,,928,,4363
132,Carmarthen West & Pembrokeshire South,Wales,Wales,W07000066,County,17626,1290,11572,,963,,4698
135,Ceredigion,Wales,Wales,W07000064,County,4123,2088,3615,,13414,,3829
154,Clwyd South,Wales,Wales,W07000062,County,10649,915,13051,,1349,,5480
155,Clwyd West,Wales,Wales,W07000059,County,16463,,9733,,1387,,4988
174,Cynon Valley,Wales,Wales,W07000070,County,3676,799,14532,,830,,4976
179,Delyn,Wales,Wales,W07000042,County,12257,680,15187,,1380,,6150
217,Dwyfor Meirionnydd,Wales,Wales,W07000061,County,6550,981,3904,,1153,,3126
273,Gower,Wales,Wales,W07000046,County,15862,1161,15835,,1552,,4773
336,Islwyn,Wales,Wales,W07000077,County,5366,659,,17336,950,,6932
375,Llanelli,Wales,Wales,W07000045,County,5534,689,15948,,751,,6269
393,Merthyr Tydfil & Rhymney,Wales,Wales,W07000071,County,3292,603,17619,,1351,,6106
401,Monmouth,Wales,Wales,W07000054,County,23701,1629,12719,,2496,,4942
402,Montgomeryshire,Wales,Wales,W07000063,County,15204,1260,1900,,9879,,3769
408,Neath,Wales,Wales,W07000069,County,5691,1185,16270,,1173,,6094
417,Newport East,Wales,Wales,W07000055,County,9585,887,14290,,2251,,6466
418,Newport West,Wales,Wales,W07000056,County,13123,1272,16633,,1581,,6134
437,Ogmore,Wales,Wales,W07000074,County,5620,754,18663,,1072,,5420
454,Pontypridd,Wales,Wales,W07000075,County,6569,992,15554,,4904,,5085
459,Preseli Pembrokeshire,Wales,Wales,W07000065,County,16383,1452,11414,,780,,4257
470,Rhondda,Wales,Wales,W07000052,County,2116,453,15976,,474,,3998
558,Swansea East,Wales,Wales,W07000048,Borough,5142,,17807,,1392,,5779
559,Swansea West,Wales,Wales,W07000047,Borough,7931,1784,,14967,3178,,4744
576,Torfaen,Wales,Wales,W07000053,County,8769,746,16938,,1271,,7203
588,Vale Of Clwyd,Wales,Wales,W07000060,County,13760,,13523,,915,,4577
589,Vale Of Glamorgan,Wales,Wales,W07000078,County,23607,1054,16727,,1309,,5489
641,Wrexham,Wales,Wales,W07000044,County,10350,669,12181,,1735,,5072
647,Ynys Mon,Wales,Wales,W07000041,County,7393,,10871,,751,,5121
